{
  "AWSEBDockerrunVersion": "1",
  "Image": {
    "Name": "279242538863.dkr.ecr.ap-northeast-2.amazonaws.com/freean/mp3loud",
    "Update": "true"
  },
  "Ports": [
    {
      "ContainerPort": "8080"
    }
  ],
    {
      "Sid": "ElasticBeanstalkHealthAccess",
      "Action": [
        "elasticbeanstalk:PutInstanceStatistics"
      ],
      "Effect": "Allow",
      "Resource": [
        "arn:aws:elasticbeanstalk:*:*:application/*",
        "arn:aws:elasticbeanstalk:*:*:environment/*"
      ]
    }
}